x,y
0,308
0,394
0,157
0,552
0,736
0,301
0,101
0,253
0,563
0,677
0,261
0,115
0,904
0,992
0,633
0,818
0,525
0,287
0,684
0,585
0,81
0,529
0,909
0,532
0,129
0,113
0,226
0,484
0,182
0,175
0,946
0,425
0,806
0,17
0,604
0,832
0,284
0,468
0,462
0,57
0,97
0,547
0,581
0,446
0,815
0,688
0,763
0,714
0,775
0,709
0,398
0,541
0,197
0,842
0,109
0,703
0,279
0,446
0,496
0,884
0,402
0,847
0,452
0,680
0,258
0,833
0,126
0,618
0,297
0,273
0,861
0,361
0,218
0,727
0,343
0,319
0,587
0,144
0,2
0,184
0,245
0,78
0,589
0,744
0,664
0,444
1,315
0,641
0,331
0,522
0,732
0,236
0,64
0,641
0,151
0,792
0,80
0,657
0,756
0,445
0,321
0,144
0,506
0,590
0,923
0,965
0,887
0,498
0,153
0,749
0,703
0,766
0,833
0,546
0,348
0,130
0,523
0,508
0,147
0,918
0,992
0,265
0,765
0,539
0,959
0,578
1,703
0,740
0,621
0,712
0,590
0,65
0,228
0,666
0,279
0,503
0,572
0,298
0,295
0,956
0,541
0,339
0,159
0,564
0,499
0,749
0,633
0,130
0,130
0,930
0,444
0,759
0,64
0,317
0,792
0,414
0,37
0,710
0,177
0,307
0,238
0,165
0,314
0,914
0,511
0,90
0,83
0,445
0,704
0,987
0,527
0,78
0,124
0,559
0,517
0,929
0,487
0,501
0,766
0,630
0,673
0,5
0,535
0,412
0,44
0,566
0,126
0,625
0,849
0,485
0,161
0,581
0,698
0,470
0,264
0,367
0,83
0,245
0,655
0,261
0,362
0,214
0,80
0,744
0,253
0,340
0,249
0,931
0,671
0,996
0,680
0,212
0,214
0,340
0,618
0,76
0,499
0,253
0,671
0,782
0,73
0,421
0,865
0,361
0,213
0,500
0,762
0,921
0,601
0,195
0,706
0,885
0,123
0,72
0,705
0,721
0,825
0,104
0,524
0,510
0,799
0,18
0,906
0,503
0,679
0,975
0,628
0,615
0,655
0,406
0,262
0,78
0,230
0,619
0,861
0,344
0,986
0,698
0,894
0,761
0,951
0,278
0,682
0,449
0,328
1,297
0,957
0,274
0,342
0,55
0,680
0,337
0,797
0,383
0,1000
0,899
0,427
0,78
0,559
0,407
0,671
0,731
0,967
0,954
0,414
0,454
0,752
0,51
0,808
0,249
0,552
0,635
0,290
0,633
0,196
0,236
0,975
0,28
0,931
0,787
0,220
0,783
0,749
0,95
0,268
0,770
0,747
0,929
0,97
0,884
0,25
0,769
0,653
0,208
0,200
0,340
0,971
0,515
1,339
0,38
0,435
0,769
0,695
0,940
0,77
0,327
0,200
0,665
0,476
0,620
0,461
0,925
0,201
0,468
0,698
0,632
0,270
0,52
0,499
0,230
0,157
0,56
0,185
0,457
0,177
0,291
0,984
0,173
0,689
0,40
0,346
0,249
0,757
0,879
0,86
0,481
0,957
0,512
0,98
0,494
0,591
0,96
0,200
0,801
0,747
0,47
0,942
0,999
0,524
0,586
0,129
0,348
0,985
0,569
0,413
1,498
0,547
0,867
0,719
0,950
0,62
0,870
0,911
0,389
0,834
0,606
0,164
0,768
0,625
0,272
0,763
0,36
0,208
0,666
0,612
0,376
0,173
0,590
0,973
0,742
0,606
0,564
0,960
0,763
0,809
0,80
0,338
0,944
0,154
0,314
0,201
0,557
0,946
0,873
0,670
0,929
0,780
0,702
0,674
0,543
0,481
0,660
0,557
0,320
0,218
0,925
0,318
0,650
0,321
0,973
0,353
0,172
0,662
0,755
0,708
0,847
0,57
0,918
0,706
1,125
0,173
0,536
0,947
0,431
0,623
0,274
0,233
0,656
0,993
0,92
0,170
0,27
0,95
0,100
0,307
0,756
0,596
0,315
0,498
0,673
0,415
0,560
0,29
0,733
0,466
0,490
0,54
0,976
0,950
0,2
0,133
0,333
0,368
0,288
0,824
0,776
0,17
0,465
0,529
0,116
0,955
0,830
0,569
0,387
0,369
0,226
0,197
0,122
0,788
0,313
0,305
0,251
0,315
0,861
0,489
0,745
0,970
0,554
0,918
0,47
0,549
0,296
0,576
0,791
0,879
0,640
0,996
0,94
0,171
0,850
0,523
0,446
0,380
0,406
0,525
0,420
0,345
0,328
0,877
0,851
0,84
0,25
0,694
0,584
0,561
0,368
0,609
0,218
0,788
0,846
0,70
0,440
0,276
0,217
0,494
0,396
0,80
0,357
0,296
0,816
0,196
0,372
0,852
0,133
1,405
0,93
0,813
0,142
0,297
1,422
0,51
0,521
0,560
0,355
0,58
0,315
0,896
0,680
0,394
0,239
0,270
0,483
0,223
0,604
0,33
0,705
0,700
0,687
0,900
0,832
0,91
0,365
0,556
0,48
0,950
0,970
0,963
1,419
0,599
0,951
0,201
0,600
0,270
0,996
0,118
0,685
0,29
0,455
0,680
0,984
0,466
0,101
0,761
0,600
0,550
0,755
0,570
0,275
0,636
0,933
0,510
0,617
0,17
0,150
0,251
0,355
0,505
0,691
0,321
0,301
0,552
0,472
0,474
0,598
0,227
0,505
0,245
0,245
0,652
0,408
0,986
0,624
0,390
0,682
0,770
0,600
0,390
0,175
0,653
0,427
0,596
0,422
0,581
0,677
0,100
0,677
0,380
0,300
0,608
0,974
0,345
0,431
0,636
0,324
0,460
0,115
0,318
0,814
0,361
0,933
0,833
0,819
0,139
0,295
0,375
0,58
0,893
0,296
0,957
0,160
0,928
0,213
0,317
0,756
0,629
0,507
0,114
0,750
0,100
0,792
0,985
0,934
0,270
0,842
0,213
0,99
0,888
0,597
0,191
0,971
0,6
1,524
0,536
0,746
0,582
0,135
0,297
0,168
0,185
0,942
0,300
1,503
0,815
0,793
0,141
0,291
0,499
0,377
0,794
0,466
0,324
0,260
0,171
0,427
0,248
0,234
0,446
0,492
0,527
0,354
0,732
0,161
0,998
0,425
0,321
0,675
0,136
0,231
0,13
0,794
0,17
0,392
0,412
0,351
0,848
0,963
0,942
0,492
0,967
0,200
0,862
0,983
0,248
0,172
0,176
0,157
0,232
0,852
0,601
0,328
0,574
0,789
0,825
0,705
0,585
0,172
0,932
0,44
0,566
0,266
1,636
0,98
0,874
0,814
0,650
0,477
0,277
0,113
0,324
0,843
0,114
0,332
0,226
0,541
0,766
0,10
0,226
0,758
0,454
0,574
0,556
0,504
0,794
0,326
0,757
0,605
0,379
0,297
0,635
0,82
0,308
0,748
0,912
0,763
0,340
0,295
0,219
0,445
0,312
0,264
0,490
0,810
0,893
0,458
0,516
0,917
0,282
0,348
0,815
0,464
0,653
0,459
0,787
0,291
0,832
0,19
0,841
0,268
0,767
0,587
0,98
0,296
0,341
0,507
0,699
0,158
0,426
0,823
0,536
0,385
0,162
0,434
0,153
0,349
0,113
0,201
0,428
0,901
0,215
0,125
0,906
0,406
0,50
0,300
0,493
0,61
0,509
0,643
0,329
0,258
0,380
0,495
0,470
0,766
0,414
0,361
0,509
0,593
0,954
0,464
0,514
0,355
0,336
0,449
0,793
0,717
0,584
0,354
0,826
0,507
0,769
0,759
0,307
0,375
0,110
0,578
0,267
0,421
0,937
0,69
0,332
0,106
0,736
0,822
0,680
0,917
0,861
0,64
0,651
0,187
0,750
0,104
0,374
0,882
0,932
0,697
0,932
0,540
0,796
0,368
0,712
0,413
0,604
0,217
0,898
0,771
0,876
0,398
0,319
0,321
0,952
0,624
0,501
0,803
0,551
0,403
0,459
0,688
0,813
0,23
0,642
0,984
0,184
0,160
0,398
0,702
0,795
0,75
0,742
0,460
0,519
0,936
0,243
0,634
0,502
0,974
0,149
0,49
0,973
0,47
0,264
0,802
0,629
0,900
0,337
0,724
0,152
0,406
0,521
0,141
1,252
0,495
0,100
0,114
0,961
0,971
0,825
0,787
0,399
0,777
0,408
0,452
0,1
0,987
0,72
0,486
0,17
0,701
0,361
0,268
0,185
0,220
0,145
1,89
0,967
0,392
0,816
0,198
0,331
0,780
0,902
0,851
0,12
0,383
0,738
0,837
0,172
0,43
0,620
0,281
0,401
0,804
0,943
0,630
0,520
0,307
0,38
0,704
0,720
0,431
0,638
0,424
0,105
0,325
0,762
0,435
0,784
0,356
0,378
0,296
0,838
0,896
0,534
0,72
0,552
0,980
0,615
0,622
0,659
1,711
0,197
0,647
0,781
0,542
0,401
0,827
0,398
0,205
0,799
0,238
0,997
0,994
0,914
0,47
0,174
0,951
0,671
0,26
0,262
0,71
0,897
0,644
0,527
0,648
0,102
0,526
0,604
0,111
0,120
0,779
0,768
0,454
0,593
0,444
0,675
0,349
0,148
0,305
0,838
0,881
0,507
0,824
0,807
0,52
0,381
0,733
0,290
0,167
0,82
0,237
0,504
0,332
0,107
0,606
0,200
0,242
0,556
0,30
0,17
0,650
0,454
0,831
0,177
0,746
0,140
0,981
0,89
0,620
0,893
0,687
0,221
0,897
0,869
0,604
0,137
0,976
0,414
0,12
0,394
0,117
0,193
0,144
1,990
0,636
0,306
0,282
0,312
0,626
0,860
0,549
0,926
0,827
0,277
0,945
0,520
0,999
0,332
0,114
0,767
0,519
0,90
0,742
0,829
0,733
0,795
0,804
0,989
0,795
0,893
0,690
0,501
0,878
0,700
0,913
0,157
0,295
0,973
0,544
1,110
0,212
0,964
0,597
0,446
0,599
0,230
0,42
0,911
0,782
0,820
0,699
0,717
0,891
0,661
0,574
0,204
0,59
0,883
0,978
0,488
0,692
0,421
0,749
0,740
0,988
0,883
0,70
0,188
0,737
0,841
0,341
0,132
0,791
0,759
0,930
0,513
0,171
0,963
0,849
0,307
0,467
0,505
0,864
0,547
0,643
0,243
0,46
0,690
0,502
0,713
1,300
0,769
0,543
0,167
0,418
0,640
0,962
0,631
0,615
0,325
0,532
0,589
0,849
0,864
0,82
0,244
0,44
0,800
0,627
0,663
0,652
0,353
0,965
0,366
1,468
0,666
0,266
0,147
0,165
0,769
0,749
0,191
0,183
0,3
0,560
0,35
0,3
0,808
0,243
0,210
0,239
0,559
0,72
0,96
0,398
0,571
0,598
0,604
0,194
0,111
0,30
0,889
0,782
0,286
0,371
0,283
0,109
0,45
0,358
0,367
0,716
0,702
0,577
0,821
0,5
0,373
0,427
0,780
0,815
0,498
0,79
0,206
0,224
0,931
0,56
0,813
0,470
0,151
0,209
0,151
0,233
0,105
0,323
0,675
0,47
0,203
0,396
0,467
0,981
0,928
0,922
0,749
0,609
0,437
0,291
0,632
0,668
0,108
0,997
0,805
0,704
0,444
0,549
0,422
0,918
0,67
0,200
0,742
0,95
0,541
0,279
0,783
0,394
0,26
0,18
0,470
0,835
0,230
0,713
0,389
0,838
0,68
0,298
0,564
0,102
0,275
0,752
0,68
0,769
0,333
0,955
0,588
0,186
0,120
0,846
0,980
0,685
0,281
0,81
0,54
0,81
0,342
0,469
0,289
0,872
0,987
0,297
0,885
0,800
0,410
0,219
0,364
0,136
0,293
0,318
0,802
0,344
0,61
0,982
0,557
0,41
0,229
0,347
0,840
0,733
0,470
0,299
0,282
0,892
0,572
0,958
0,770
0,45
0,740
0,629
0,595
0,191
0,801
0,509
0,623
0,625
0,534
0,997
0,744
0,681
0,478
0,68
0,131
0,576
0,592
0,761
0,725
0,528
0,487
0,439
0,934
0,828
0,333
0,211
0,390
0,971
0,535
0,618
0,343
0,162
0,357
0,543
0,201
0,729
0,961
0,432
0,606
0,441
0,489
0,483
0,919
0,793
0,447
0,258
0,65
0,334
0,81
0,95
0,115
0,152
0,2
0,916
0,41
0,689
0,699
0,336
0,492
0,348
0,948
0,964
0,885
0,914
0,877
0,417
0,63
0,334
0,54
0,661
0,914
0,788
0,75
0,255
0,82
0,285
0,301
0,563
0,233
0,679
0,374
0,80
0,807
0,881
0,167
0,619
0,647
0,497
0,309
0,157
0,426
0,198
0,383
0,830
0,229
0,96
0,313
0,984
0,771
0,559
0,274
0,135
0,720
0,675
0,282
0,695
0,622
0,453
0,300
0,588
0,428
0,274
0,853
0,486
0,200
0,865
0,589
0,414
0,780
0,740
0,994
0,523
0,764
0,793
0,658
0,616
0,141
0,70
0,758
0,26
0,350
0,576
0,50
0,397
0,949
0,401
0,941
0,933
0,421
0,682
0,939
0,815
0,471
0,71
0,566
0,301
0,185
0,414
0,334
0,786
1,348
0,374
0,17
0,195
0,301
0,578
0,731
0,956
0,254
0,746
0,556
0,906
0,944
0,554
0,866
0,43
0,848
0,237
0,189
0,903
0,863
0,824
0,119
0,566
0,384
0,646
0,785
0,944
0,807
0,63
0,627
0,409
0,291
1,12
0,796
0,799
0,716
0,329
0,621
0,209
0,75
0,471
0,810
0,356
0,125
0,491
0,853
0,613
0,920
0,584
1,769
0,840
0,140
0,531
0,485
0,945
0,206
0,831
0,726
0,100
0,192
0,167
0,825
0,681
0,237
0,274
0,980
0,269
0,389
0,716
0,976
0,234
0,799
0,521
0,811
0,759
0,594
0,715
0,111
0,28
0,694
0,861
0,509
0,18
0,766
0,288
0,87
0,77
0,546
0,668
0,377
0,943
0,59
0,841
0,271
0,647
0,718
0,966
0,415
0,401
0,695
0,634
0,534
0,721
0,932
0,480
0,989
0,350
0,285
0,586
0,914
0,695
0,883
0,442
0,501
0,145
0,904
0,317
0,670
0,725
0,377
0,532
0,512
0,38
0,769
0,834
0,54
0,410
0,814
0,432
0,29
0,549
0,580
0,178
0,975
0,212
0,624
0,366
0,907
0,483
0,756
0,523
0,36
0,523
0,183
0,704
0,877
0,570
0,450
0,659
0,317
0,629
0,497
0,588
0,983
0,499
0,897
0,155
1,249
0,766
0,278
0,571
0,230
0,882
0,762
0,929
0,419
0,552
0,261
0,382
0,819
0,553
0,14
0,191
0,491
0,740
0,719
0,221
0,910
0,310
0,773
0,386
0,933
0,332
0,133
0,961
0,698
0,17
0,371
0,318
0,761
0,412
0,971
0,916
0,775
0,503
0,74
0,702
0,694
0,527
0,862
1,207
0,960
0,334
0,179
0,514
0,324
0,286
0,631
0,405
0,845
0,970
0,804
0,15
0,507
0,57
0,246
0,149
0,216
0,977
0,526
0,650
0,66
0,49
0,296
0,47
0,996
0,612
0,81
0,261
0,717
0,16
0,734
0,692
0,484
0,544
0,19
0,344
0,984
0,666
0,963
0,712
0,93
0,96
0,339
0,891
0,701
0,745
0,743
0,40
0,983
0,345
0,329
0,786
0,854
0,326
0,637
0,296
0,828
0,308
0,365
0,702
0,391
0,424
1,13
0,706
0,569
0,604
0,457
0,187
0,369
0,379
0,121
0,977
0,986
0,479
0,231
0,468
0,978
0,987
0,519
0,342
0,953
0,224
0,822
0,546
0,326
0,106
0,603
0,970
0,411
0,186
0,289
0,393
0,646
0,822
0,537
0,423
0,291
0,350
0,584
0,616
0,332
0,735
0,977
0,156
0,779
0,781
0,216
0,525
0,370
0,394
0,851
0,57
0,249
0,554
0,670
0,585
0,441
0,37
0,361
0,189
0,994
0,191
0,152
0,582
0,575
0,388
0,411
0,956
0,547
0,285
0,736
0,20
0,884
0,344
0,888
0,832
0,725
0,982
0,373
0,343
0,115
0,362
0,227
0,404
0,221
0,945
0,935
0,741
0,422
0,801
0,236
0,784
0,341
0,815
0,244
0,41
0,719
0,698
0,787
0,19
0,872
0,830
0,890
0,744
0,680
0,689
0,516
0,8
0,483
0,621
0,252
0,972
0,832
0,64
0,231
0,257
0,367
0,537
0,817
0,498
0,330
0,495
0,553
0,151
0,745
0,376
0,70
0,522
0,510
0,112
0,246
0,435
0,993
0,577
0,862
0,983
0,23
0,766
0,797
0,63
0,30
0,873
0,668
0,732
0,43
0,105
0,783
0,844
0,721
0,510
0,409
0,672
0,21
0,713
0,435
0,702
0,678
0,841
0,114
0,114
0,774
0,46
0,915
0,592
0,438
0,317
0,819
0,417
0,815
0,263
0,581
0,577
0,534
0,879
0,616
0,624
0,12
0,643
0,786
0,927
0,244
0,426
0,701
0,212
0,600
0,386
0,189
0,971
0,237
0,295
0,370
0,677
0,559
0,296
0,413
0,220
0,912
0,303
0,936
0,827
0,719
0,941
0,453
0,515
0,344
0,83
0,326
0,554
0,308
0,865
0,604
0,857
0,552
0,20
0,135
0,442
0,502
0,346
0,251
0,944
0,656
0,245
0,302
1,408
0,742
0,149
0,436
0,228
0,751
0,395
0,770
0,951
0,280
0,236
1,897
0,967
0,404
0,206
0,724
0,14
0,548
0,909
0,853
0,748
0,904
0,372
0,747
0,155
0,621
0,28
0,751
0,455
0,164
0,108
0,570
0,768
0,896
0,296
0,101
0,502
0,235
0,70
0,124
0,139
0,906
0,277
0,242
0,223
0,971
0,349
0,450
0,621
0,274
0,560
0,603
0,595
0,941
0,90
0,846
0,116
0,137
0,954
0,858
0,337
0,650
0,237
0,811
0,231
0,606
0,725
0,127
0,826
0,855
0,945
0,405
0,285
0,467
1,376
0,139
0,131
0,439
0,935
0,172
0,730
0,109
0,732
0,366
0,695
0,621
0,203
0,460
0,681
0,26
0,326
0,436
0,509
0,984
0,125
0,163
0,311
0,787
0,79
0,436
0,828
0,839
0,941
0,794
0,892
0,917
0,328
0,866
0,321
0,811
0,716
0,200
0,933
0,563
0,319
0,428
0,641
0,231
1,990
0,981
0,70
0,808
0,338
0,921
0,146
0,837
0,921
0,242
0,848
0,624
0,680
0,609
0,686
0,483
0,902
0,180
0,728
0,84
0,636
0,385
0,440
0,786
0,179
0,73
0,51
0,808
0,633
0,868
0,785
0,485
0,778
0,13
0,488
0,824
0,188
0,257
0,378
0,410
0,247
0,477
0,858
0,833
0,779
0,569
0,98
0,646
0,492
0,785
0,688
0,817
0,925
0,120
0,819
0,192
0,857
0,68
0,761
0,407
0,977
0,406
0,298
0,541
0,538
0,66
0,638
0,224
0,764
0,353
0,278
0,902
0,972
0,618
0,315
0,868
0,237
0,118
0,849
0,758
0,568
0,297
0,660
0,462
0,816
0,821
0,828
0,46
0,592
0,843
0,804
0,378
0,289
0,820
0,739
0,13
0,557
0,5
0,388
0,108
0,541
0,44
0,684
0,15
0,386
0,506
0,744
0,811
0,458
0,361
0,31
0,680
0,29
0,148
0,766
0,416
0,374
0,47
0,409
0,692
0,844
0,948
0,567
0,709
0,221
0,282
0,751
0,914
0,837
0,968
0,506
0,980
0,408
0,42
0,37
0,727
0,772
0,553
0,402
0,860
0,372
0,302
0,219
0,14
0,446
0,819
0,722
0,464
0,74
0,319
0,193
0,49
0,631
0,651
0,727
0,949
0,527
0,855
1,379
0,900
0,793
0,599
0,902
0,358
0,112
0,555
0,914
0,917
0,927
0,72
0,118
0,302
0,85
0,706
0,386
1,579
0,324
0,696
1,468
0,682
0,933
1,222
0,406
0,992
0,684
0,964
0,169
0,966
0,431
0,200
1,100
0,248
0,619
0,889
0,654
0,3
0,55
0,207
0,213
0,260
0,232
0,914
0,750
0,442
0,315
0,448
0,850
0,397
0,744
0,707
0,430
0,836
0,859
0,279
0,272
0,210
0,825
0,424
0,922
0,34
0,664
0,750
0,881
0,963
0,231
0,242
0,247
0,749
0,778
0,939
0,602
0,875
0,54
0,916
0,910
0,806
0,579
0,509
0,521
0,460
0,175
0,725
0,528
0,275
0,985
0,33
0,964
0,108
0,637
0,662
0,468
0,20
0,780
0,711
0,379
0,138
0,685
0,733
0,692
0,669
0,346
0,332
0,35
0,322
0,763
0,939
0,515
0,859
0,603
0,59
0,386
0,196
0,183
0,623
0,600
0,731
0,782
0,265
0,66
0,850
0,901
0,470
0,615
0,653
0,476
0,548
0,145
0,585
0,123
0,87
0,445
0,481
0,741
0,15
0,660
0,348
0,149
0,588
0,34
0,132
0,947
0,352
0,391
0,60
0,806
0,509
0,879
0,669
0,563
0,403
0,789
0,425
0,804
0,697
0,825
0,242
0,81
0,593
0,729
0,351
0,28
0,183
0,180
0,395
0,879
0,413
0,489
0,238
0,370
0,717
0,896
0,313
0,960
0,782
0,407
0,172
0,610
0,314
0,89
0,612
0,801
0,877
0,792
0,637
0,215
0,743
0,799
0,248
0,894
0,190
0,926
0,194
0,211
0,516
0,301
0,626
0,621
0,685
0,267
0,32
0,659
0,882
0,655
0,449
0,713
0,895
0,171
1,828
0,332
0,176
0,596
0,564
0,184
0,772
0,304
0,510
0,246
0,607
0,177
0,378
0,657
0,144
0,283
0,361
0,600
0,441
0,828
0,971
0,732
0,117
0,771
0,805
0,326
0,601
0,535
0,892
0,74
0,556
0,569
0,266
0,975
0,734
0,467
0,31
0,220
0,476
0,100
0,475
0,604
0,209
0,864
0,494
0,31
0,315
0,720
0,50
0,128
0,591
0,388
0,935
0,718
0,398
0,889
0,108
0,202
0,595
0,201
0,280
0,650
0,108
0,220
0,556
0,638
0,408
0,850
0,564
0,538
1,955
0,620
0,660
0,87
0,231
0,762
0,306
0,387
0,423
0,494
0,752
0,559
0,535
0,608
0,497
0,337
0,462
0,5
0,640
0,430
0,42
0,531
0,75
0,144
0,224
0,291
0,327
0,5
0,562
0,789
0,103
0,500
0,933
0,425
0,956
0,212
0,16
0,933
0,120
0,377
0,870
0,794
0,590
0,463
0,194
0,873
0,23
0,764
0,40
0,760
0,147
0,738
0,262
0,811
0,289
0,240
0,225
0,374
0,568
0,739
0,18
0,711
0,47
0,227
0,230
0,514
0,622
0,95
0,75
0,229
0,799
0,44
0,252
0,629
0,942
0,630
0,618
0,901
0,91
0,523
0,190
0,243
0,322
0,51
0,915
0,642
0,260
0,167
0,330
0,144
0,575
0,556
0,695
0,844
0,973
0,421
0,166
0,831
0,157
0,337
0,485
0,698
0,296
0,479
0,186
0,474
0,764
0,219
0,43
0,636
0,371
0,681
0,414
0,244
0,901
0,844
0,577
0,776
0,336
0,586
0,452
0,938
0,671
0,858
0,189
0,249
0,760
0,591
1,226
0,981
0,280
0,805
0,900
0,490
0,760
0,462
0,640
0,85
0,362
0,462
0,200
0,642
0,885
0,226
0,466
0,914
0,596
0,220
0,966
0,424
0,224
0,48
1,663
0,247
0,276
0,107
0,905
0,572
0,378
0,380
0,122
0,194
0,973
0,715
0,166
0,390
0,62
0,254
0,263
0,566
0,827
0,611
0,891
0,984
0,169
0,493
0,362
0,443
0,980
0,677
0,770
0,29
0,749
0,501
0,176
0,220
0,363
0,82
0,753
0,470
0,279
0,24
0,56
0,515
0,631
0,760
0,336
0,644
0,725
0,478
0,264
0,651
0,345
0,984
0,167
0,143
0,368
0,684
0,32
0,74
0,953
0,193
0,488
0,572
0,438
0,924
0,184
0,506
0,577
0,702
0,839
0,109
0,264
0,209
0,135
0,72
0,234
0,232
0,375
0,961
0,752
0,681
0,72
0,322
0,115
0,364
0,903
0,709
0,417
0,111
0,195
0,372
0,506
0,709
0,799
0,960
0,1
0,162
0,901
0,304
0,887
0,509
0,916
0,67
0,517
0,677
0,374
0,280
0,122
0,912
0,481
0,124
0,905
0,771
0,947
1,327
0,436
0,357
0,397
0,706
0,803
0,611
0,804
0,343
0,796
0,812
0,485
0,272
0,844
0,376
0,59
0,231
0,966
0,660
0,542
0,891
0,170
0,360
0,738
0,832
0,149
0,362
0,356
0,517
0,606
0,788
0,359
0,416
0,963
0,467
0,789
0,315
0,676
0,310
0,922
0,287
0,76
0,302
0,856
0,376
0,722
0,841
0,643
0,526
0,532
0,811
0,919
0,765
0,363
0,837
0,678
0,463
0,911
0,367
0,872
0,752
0,575
0,86
0,10
0,229
0,174
0,757
0,500
0,39
0,933
0,22
0,757
0,489
0,818
0,802
0,964
0,519
0,167
0,571
0,603
0,307
0,404
0,877
0,754
0,9
0,955
0,178
0,141
0,560
0,405
0,500
0,113
0,92
0,755
0,401
0,337
0,27
0,36
0,482
0,61
0,198
0,568
0,244
0,23
0,502
0,987
0,718
0,618
0,507
0,542
0,34
0,535
0,145
0,640
0,883
0,390
0,377
0,945
0,496
0,129
0,140
0,701
0,70
0,660
0,526
0,882
0,172
0,359
0,880
0,735
0,101
1,228
0,231
0,228
0,119
0,556
0,120
0,988
0,174
0,992
0,963
0,593
0,173
0,166
0,946
0,200
0,822
0,933
0,340
0,153
0,914
0,753
0,849
0,995
0,649
0,648
0,90
0,773
0,816
0,692
0,220
0,91
0,995
0,43
0,241
0,586
0,144
0,516
0,578
0,930
0,956
0,301
0,875
0,388
0,729
0,954
0,786
0,361
0,80
0,794
0,432
0,728
0,289
0,260
0,320
0,180
0,603
0,753
0,690
0,88
0,880
0,811
0,743
0,734
0,834
0,632
0,766
0,439
0,203
0,662
0,900
0,809
0,873
0,472
0,976
0,272
0,995
0,412
0,309
0,562
0,630
0,967
0,636
0,412
0,824
0,645
0,688
0,37
0,418
0,829
0,109
0,545
0,950
0,308
0,295
0,369
0,240
0,506
0,926
0,408
0,232
0,709
0,388
0,402
0,803
0,407
0,52
0,203
0,274
0,971
0,436
1,320
0,42
0,863
0,779
0,628
0,193
0,156
0,590
0,668
0,114
0,599
0,98
0,156
0,752
0,715
0,59
0,279
0,31
0,345
0,612
0,400
0,400
0,677
0,438
0,564
0,604
0,217
0,207
0,806
0,347
0,103
0,997
0,658
0,985
0,805
0,774
0,808
0,237
0,854
0,98
0,372
0,160
0,342
0,355
0,740
0,456
0,13
0,403
0,901
0,96
0,438
0,649
0,722
0,857
0,496
0,156
0,223
0,228
0,906
0,21
0,129
0,473
0,593
0,889
0,892
0,755
0,454
0,215
0,689
0,853
0,981
0,186
0,761
0,860
0,419
0,274
0,201
0,246
0,704
0,759
0,294
0,320
0,22
0,626
0,957
0,889
0,195
0,394
0,742
1,66
0,779
0,716
0,294
0,589
0,504
0,465
0,548
0,114
0,947
0,99
0,326
0,455
0,695
0,812
0,419
0,872
0,624
0,72
0,809
0,277
0,144
0,672
0,306
0,275
0,569
0,455
0,750
0,338
0,353
0,513
0,282
0,377
0,115
0,181
0,620
0,244
0,299
0,9
0,174
0,658
0,389
0,873
0,176
0,798
0,914
0,115
0,920
0,50
0,757
0,568
0,947
0,8
0,627
0,258
0,920
0,518
0,823
0,394
0,965
0,474
0,30
0,536
0,582
0,589
0,959
0,893
0,131
0,441
0,21
0,917
0,966
0,349
0,939
0,607
0,514
0,277
0,332
0,108
0,577
0,987
0,296
0,818
0,4
0,984
0,923
0,419
0,666
0,874
0,417
0,273
0,537
0,670
0,263
0,494
0,375
0,798
0,145
0,267
0,152
0,179
0,546
0,861
0,891
0,798
0,496
0,564
0,267
0,968
0,348
0,491
0,815
0,795
0,413
0,215
0,900
0,382
0,153
0,466
0,682
0,432
0,640
0,499
0,403
0,527
0,699
0,870
0,18
0,785
0,695
0,162
0,191
0,440
0,171
0,705
0,988
0,628
0,40
0,278
0,957
0,940
0,960
0,674
0,250
0,974
0,519
0,406
0,726
0,689
0,82
0,382
0,661
0,617
0,673
0,978
0,374
0,79
0,481
0,121
0,112
0,443
0,180
0,515
0,754
0,361
0,480
0,790
0,864
0,733
0,267
0,105
0,550
0,38
0,923
0,279
0,783
0,982
0,861
0,548
0,461
0,23
1,924
0,72
0,704
0,325
0,105
0,311
0,561
0,294
0,604
0,570
0,966
0,890
0,529
0,769
0,421
0,987
0,531
0,175
0,944
0,643
0,189
0,26
0,957
0,704
0,548
0,169
0,268
0,862
0,614
0,398
0,6
0,183
0,500
0,272
0,794
0,467
0,444
0,737
0,528
0,779
0,507
0,414
0,700
0,560
0,180
0,890
0,751
0,467
0,631
0,951
0,912
0,460
0,257
0,788
0,905
0,596
0,220
0,420
0,564
0,11
0,329
0,50
0,967
0,823
0,853
0,115
0,694
0,736
0,518
0,783
0,868
0,555
0,786
0,730
0,363
0,939
0,213
0,606
0,481
0,237
0,430
0,349
0,545
0,202
0,419
0,928
0,757
0,295
0,587
0,148
0,203
0,595
0,860
0,424
0,563
0,365
0,75
0,852
0,988
0,595
0,553
0,298
0,298
0,909
0,173
0,368
0,364
0,326
0,297
0,711
0,236
0,518
0,799
0,862
0,345
1,538
0,937
0,719
0,241
0,905
0,176
0,706
0,304
0,632
0,719
0,855
0,990
0,594
0,71
0,473
0,607
0,644
0,306
0,50
0,253
0,763
0,12
0,337
0,980
0,327
0,395
0,938
0,552
0,454
0,593
0,244
0,320
0,711
0,999
0,949
0,549
0,720
0,607
0,81
0,177
0,422
0,131
0,451
0,394
0,955
0,695
0,676
0,553
0,391
0,154
0,466
0,582
0,643
0,943
0,118
0,827
0,205
0,723
0,486
0,700
0,389
0,33
0,813
0,818
0,128
0,397
0,685
0,122
0,35
0,573
0,408
0,807
0,730
0,765
0,739
0,479
0,145
0,992
0,187
0,138
0,584
0,643
0,486
0,552
0,175
0,176
0,510
0,843
0,26
0,248
0,181
0,538
0,398
0,208
0,33
0,989
0,250
0,897
0,564
0,959
0,174
0,1
0,649
0,740
0,293
0,578
0,729
0,289
0,660
0,629
0,88
0,797
0,165
0,617
0,801
0,880
0,542
0,682
0,883
0,425
0,225
0,205
0,606
0,437
0,531
0,18
0,53
0,503
0,298
0,238
0,998
0,406
0,924
0,998
0,530
0,562
0,783
0,520
0,467
0,920
0,261
0,830
0,980
0,458
0,676
0,165
0,140
0,902
0,302
0,657
0,210
0,431
0,172
0,571
0,109
0,141
0,401
0,443
0,546
0,901
0,459
0,257
0,388
0,786
0,293
0,811
0,265
0,202
0,372
0,851
0,901
0,140
0,523
0,310
0,15
0,56
0,548
0,314
0,807
0,803
0,612
0,146
0,73
0,686
0,293
0,130
0,753
0,74
0,594
0,230
0,1
0,479
0,405
0,587
0,477
0,578
0,625
0,245
0,853
0,366
0,905
0,663
0,683
0,637
0,4
0,948
0,642
0,377
0,651
0,789
0,158
0,205
0,691
0,217
0,825
0,502
0,747
0,253
0,51
0,161
0,929
0,930
0,777
0,105
0,481
0,136
0,87
0,836
0,101
0,626
0,412
0,613
0,170
0,851
0,574
0,974
0,366
0,957
0,206
0,308
0,850
0,504
0,677
0,546
0,122
0,687
0,947
0,168
0,268
0,490
0,66
0,331
0,718
0,740
0,467
0,262
0,877
0,155
0,603
0,409
0,663
0,946
0,487
0,317
0,503
0,697
0,252
0,428
0,586
0,883
0,424
0,1
0,91
0,431
0,881
0,482
0,738
0,504
0,572
0,986
0,37
0,394
0,970
0,933
0,317
0,427
0,443
0,592
0,910
0,626
0,885
0,892
0,343
0,270
0,575
0,850
0,812
0,267
0,189
0,809
0,810
0,881
0,813
0,648
0,546
0,55
0,526
0,822
0,603
0,759
0,230
0,515
0,485
0,458
0,119
0,422
0,761
0,591
0,234
1,76
0,516
0,227
0,715
0,725
0,784
0,229
0,72
0,193
0,870
0,242
0,281
0,446
0,832
0,380
0,176
0,499
0,511
0,492
0,828
0,759
0,683
0,353
0,531
0,472
0,898
0,557
0,394
0,517
0,233
0,672
0,311
0,306
0,973
0,839
0,477
0,124
0,445
0,823
0,693
0,102
0,910
0,683
0,534
0,838
0,765
0,875
0,736
0,438
0,595
0,3
0,405
1,558
0,521
0,905
0,152
0,926
0,204
0,480
0,319
0,613
0,985
0,308
0,857
0,550
0,825
0,1000
0,490
0,658
0,921
0,338
0,262
0,590
0,997
0,571
0,670
0,661
0,566
0,282
0,962
0,658
0,881
0,163
0,604
0,589
0,325
0,381
0,687
0,52
0,553
0,382
0,781
0,272
0,316
0,538
0,559
0,498
0,732
0,312
0,108
0,157
0,187
0,9
0,91
0,300
0,236
0,269
0,978
0,936
0,577
0,9
0,885
0,762
0,464
0,477
0,592
0,11
0,356
0,645
0,573
0,812
0,793
0,859
0,158
0,231
0,37
0,809
0,229
0,981
0,461
0,785
0,308
0,659
0,735
0,426
0,715
0,194
0,145
0,605
0,212
0,595
0,147
0,521
0,998
0,579
0,261
0,835
0,124
0,872
0,347
0,731
0,939
0,13
0,620
0,581
0,927
0,541
0,203
0,727
0,917
0,633
0,134
0,89
0,580
0,534
0,422
0,981
0,99
0,946
0,683
0,372
0,449
0,509
0,760
0,14
0,677
0,448
0,414
0,978
0,773
0,398
0,949
0,466
0,52
0,832
0,35
0,455
0,701
0,806
0,828
0,615
0,623
0,148
0,970
0,510
0,620
0,498
0,739
0,696
0,387
0,736
0,580
0,649
0,820
0,232
0,744
0,337
0,336
0,576
0,161
0,350
0,636
0,479
0,908
0,114
0,936
0,162
0,336
0,82
0,956
0,66
0,997
0,922
0,58
0,851
0,957
0,583
0,542
0,692
0,711
0,204
0,328
0,560
0,893
0,890
0,887
0,749
0,21
0,804
0,837
0,917
0,610
0,22
0,978
0,508
0,865
0,122
0,688
0,79
0,382
0,623
0,377
0,611
0,425
0,883
0,393
0,899
0,807
0,762
0,722
0,229
0,486
0,324
0,496
0,718
0,695
0,390
0,706
0,95
0,734
0,965
0,140
0,622
0,851
0,839
0,172
0,855
0,732
0,104
0,355
0,352
0,386
0,219
0,844
0,290
0,336
0,933
0,668
0,160
0,179
0,859
0,188
0,317
0,685
0,367
0,473
0,377
0,231
0,645
0,94
0,111
0,344
1,717
0,924
0,668
0,818
0,399
0,584
0,810
0,790
0,340
0,378
0,523
0,760
0,750
0,693
0,785
0,777
0,247
0,651
0,113
0,148
0,623
0,888
0,955
0,915
0,644
0,327
0,877
0,813
0,376
0,949
0,414
0,605
0,937
0,772
0,740
0,509
0,316
0,647
0,241
1,729
0,494
0,333
0,99
0,37
0,548
0,404
0,940
0,437
0,508
0,33
0,609
0,646
0,503
0,898
0,802
0,282
0,141
0,296
0,953
0,688
0,955
0,790
0,964
0,553
0,176
0,254
0,737
0,262
0,68
0,796
0,269
0,781
0,849
0,727
0,446
0,646
0,679
0,830
0,36
0,446
0,831
0,765
0,963
0,312
0,816
0,359
0,127
0,432
0,754
0,2
0,672
0,17
0,75
0,820
0,299
0,481
0,534
0,584
0,77
0,856
0,689
0,147
0,101
0,976
0,477
0,318
0,166
0,915
0,551
0,758
0,694
0,340
0,984
0,498
0,18
0,186
0,978
0,139
0,274
0,399
0,661
0,107
0,64
0,118
0,790
0,377
0,333
0,526
0,273
0,297
0,2
0,273
0,34
0,663
0,183
0,488
0,220
0,376
0,338
0,915
0,976
0,793
0,197
0,29
0,450
0,743
0,727
0,178
0,982
0,845
0,25
0,730
0,878
0,293
0,647
0,511
0,49
0,469
0,545
0,866
0,584
0,816
0,523
0,162
0,184
0,526
0,111
0,81
0,614
0,378
0,445
0,364
0,320
0,81
0,672
0,823
0,743
0,305
0,715
0,861
0,170
0,513
0,305
0,989
0,566
0,933
0,792
0,277
0,853
0,655
0,215
0,744
0,52
0,572
0,494
0,446
0,634
0,449
0,1000
0,547
0,316
0,769
0,995
0,413
0,96
0,618
0,545
0,851
0,988
0,581
0,456
0,308
0,37
0,389
0,93
0,596
0,788
0,33
0,802
0,519
0,501
0,626
0,401
0,268
0,724
0,120
0,595
0,178
0,978
0,884
0,129
0,443
0,31
0,213
0,711
0,906
0,183
0,754
0,428
0,632
0,701
0,325
0,753
0,485
0,18
0,915
0,676
0,914
0,159
0,996
0,37
0,541
0,723
0,831
0,807
0,552
0,657
0,246
0,660
0,239
0,70
0,842
0,542
0,587
0,118
0,82
0,614
0,854
0,221
0,681
0,996
0,434
0,345
0,999
0,57
0,914
0,573
0,675
0,11
0,964
0,75
0,568
0,488
0,955
0,13
0,474
0,740
0,781
0,525
0,945
0,20
0,560
0,97
0,945
0,369
0,692
0,718
0,148
0,772
0,151
0,44
0,87
0,44
0,958
0,867
0,36
0,243
0,710
0,439
0,970
0,411
0,597
0,939
0,168
0,588
0,219
0,422
0,756
0,57
0,96
0,177
0,453
0,553
0,304
0,247
0,454
0,542
0,239
0,953
0,754
0,600
0,715
0,89
0,852
0,828
0,307
0,261
0,787
0,982
0,684
0,328
0,614
0,107
0,85
0,508
0,3
0,782
0,726
0,643
0,776
0,86
0,4
0,137
0,528
0,843
0,579
0,196
0,671
0,674
0,95
0,740
0,575
0,334
0,866
0,137
0,903
0,916
0,634
0,586
0,124
0,741
0,347
0,447
0,733
0,1000
0,535
0,301
0,904
0,898
0,449
0,119
0,334
0,267
0,550
0,126
0,951
0,936
0,38
0,793
0,745
0,798
0,783
0,195
0,347
0,97
0,538
0,418
0,22
0,258
0,359
0,280
0,447
0,347
0,290
0,600
0,504
0,772
0,588
0,491
0,88
0,737
0,565
0,118
0,568
0,809
0,674
0,391
0,825
0,628
0,587
0,900
0,438
0,65
0,406
0,891
0,461
0,689
0,226
0,563
0,683
0,565
0,924
0,739
0,967
0,414
0,331
0,812
0,363
0,496
0,935
0,619
0,501
0,709
0,866
0,918
0,473
0,238
0,254
0,683
0,163
0,19
0,111
0,718
0,809
0,487
1,968
0,817
0,469
0,136
0,380
0,322
0,778
0,178
0,385
0,6
0,144
0,700
0,944
0,18
0,316
0,738
0,66
0,795
0,509
0,431
0,230
0,131
0,144
0,648
1,160
0,138
0,524
0,982
0,728
0,568
0,485
0,36
0,908
0,426
0,49
0,668
0,828
0,907
0,920
0,842
0,648
0,385
0,753
0,276
0,106
0,166
0,840
0,589
0,6
0,472
0,319
0,72
0,883
0,144
0,744
0,773
0,166
0,73
0,602
0,132
0,752
0,372
0,186
0,840
0,32
0,3
0,74
0,747
0,338
0,748
0,629
0,201
0,930
0,114
0,717
0,430
0,363
0,336
0,392
0,305
0,452
0,243
0,830
0,108
0,875
0,307
0,104
0,589
0,519
0,399
0,169
0,975
0,520
0,865
0,617
0,464
0,916
0,863
0,829
0,163
0,397
0,628
0,654
0,704
0,463
0,356
0,623
0,729
0,298
0,447
0,292
0,795
0,975
0,581
0,275
0,121
0,693
0,75
0,594
0,587
0,356
0,470
0,969
0,757
0,953
0,734
0,441
0,738
0,689
0,378
0,270
0,221
0,569
0,263
0,448
0,590
0,723
0,256
0,829
0,677
0,472
0,638
0,217
0,279
0,211
0,442
0,526
0,136
0,44
0,838
0,720
0,664
0,614
0,755
0,877
0,442
0,23
0,371
0,98
0,477
0,847
0,374
0,182
0,682
0,690
0,132
0,376
0,773
0,958
0,713
0,975
0,781
0,154
0,708
0,47
0,260
0,395
0,206
0,897
0,742
0,920
0,377
0,210
0,294
0,472
0,758
0,334
0,494
0,984
0,901
0,396
0,57
0,930
0,514
0,205
0,127
0,945
0,74
0,127
0,443
0,838
0,928
0,200
0,344
0,961
0,894
0,842
0,42
0,753
0,552
0,295
0,207
0,787
0,447
0,454
0,364
0,458
0,72
0,353
0,695
0,615
0,812
0,182
0,3
0,543
0,810
0,888
0,145
0,340
0,392
0,214
0,805
0,802
0,433
0,290
0,444
0,222
0,824
0,22
0,641
0,817
0,951
0,367
0,660
0,851
0,831
0,639
0,335
0,823
0,140
0,940
0,116
0,581
0,827
0,128
0,820
0,43
0,979
1,393
0,405
0,288
0,243
0,373
0,169
0,242
0,173
0,394
0,606
0,479
0,557
0,715
0,494
0,648
0,371
0,283
0,996
0,315
0,184
0,539
0,696
0,915
0,162
0,878
0,446
0,841
0,532
0,155
0,284
0,406
0,990
0,110
0,892
0,428
0,576
0,195
0,635
0,153
0,423
0,912
0,510
0,265
0,495
0,74
0,76
0,142
0,475
0,949
0,442
0,763
0,618
0,650
0,342
0,773
0,162
0,281
0,352
0,927
0,354
0,503
0,486
0,7
0,303
0,708
0,499
0,609
0,581
0,778
0,980
0,242
0,511
0,25
0,738
0,706
0,47
0,750
0,128
0,86
0,380
0,919
0,744
0,889
0,423
0,461
0,994
0,771
0,463
0,246
0,659
0,358
0,72
0,132
0,477
0,742
0,624
0,690
0,865
0,604
0,763
0,250
0,299
0,492
0,435
0,808
1,670
0,199
0,874
0,988
0,277
0,81
0,392
0,150
0,620
0,683
0,375
0,407
0,572
0,837
0,12
0,590
0,963
0,533
0,491
0,715
0,585
0,59
0,716
0,87
0,202
0,60
0,139
0,473
0,337
0,28
0,67
0,970
0,889
0,941
0,495
0,194
0,491
0,883
0,174
0,207
0,198
0,919
0,824
0,678
0,641
0,166
0,758
0,562
0,542
0,126
0,673
0,923
0,831
0,352
0,240
0,501
0,667
0,808
0,473
0,527
0,96
0,874
0,644
0,664
0,852
0,652
0,639
0,290
0,753
0,799
0,473
0,152
0,206
0,410
0,68
0,721
0,431
0,442
0,329
0,284
0,449
0,907
0,642
0,879
0,540
0,212
0,300
0,890
0,99
0,736
0,468
0,977
0,130
0,572
0,158
0,385
0,423
0,771
0,988
0,643
0,11
0,818
0,358
0,52
0,818
0,958
0,636
0,457
0,914
0,984
1,560
0,714
0,749
0,342
0,727
0,128
0,323
0,791
0,661
0,355
0,774
0,146
0,559
0,587
0,351
0,594
0,40
0,626
0,371
0,104
0,941
0,768
0,107
0,839
0,624
0,138
0,940
0,665
0,338
0,902
0,498
0,259
0,739
0,315
0,899
0,209
0,583
0,5
0,67
0,892
0,83
0,832
0,548
0,283
0,123
0,30
0,113
0,10
0,344
0,658
0,535
0,397
0,272
0,845
0,222
0,637
0,968
0,130
0,744
0,436
0,257
0,590
0,349
0,108
0,47
0,42
0,586
0,323
0,212
0,915
0,579
0,565
0,993
0,216
0,561
0,272
0,546
0,109
0,743
0,679
0,186
0,106
0,479
0,571
0,6
0,968
0,340
0,109
0,384
0,901
0,543
0,985
0,517
0,104
0,871
0,514
0,770
0,151
0,674
0,617
0,934
0,980
0,456
0,930
0,496
0,516
0,973
0,543
0,251
0,524
0,341
0,899
0,949
0,25
0,167
0,465
0,55
0,609
0,385
0,128
0,278
0,723
0,775
0,681
0,785
0,67
0,903
0,51
0,711
0,990
0,166
0,64
0,532
0,721
0,206
0,429
0,803
0,121
0,899
0,559
0,271
0,481
0,473
0,439
0,922
0,614
0,611
0,506
0,620
0,56
0,357
0,358
0,390
0,195
0,999
0,106
0,446
0,693
0,536
0,503
1,906
0,734
0,608
0,296
0,822
0,393
0,503
0,469
0,998
0,323
0,501
0,981
0,965
0,377
0,209
0,307
0,527
0,350
0,254
0,330
0,957
0,112
0,966
0,907
0,695
0,953
0,271
0,559
0,613
0,590
0,11
0,259
0,255
0,201
0,765
0,134
0,801
0,965
0,80
0,418
0,263
0,32
0,615
0,355
0,181
0,55
0,622
0,890
0,38
0,449
0,418
0,554
0,180
0,864
0,307
0,390
0,927
0,685
0,606
0,175
0,326
0,460
0,204
0,374
0,971
0,565
0,402
0,179
0,688
0,196
0,691
0,576
0,367
0,44
0,198
0,290
0,647
1,511
0,826
0,954
0,902
0,883
0,608
0,125
0,218
0,125
0,838
0,184
0,21
0,411
0,884
0,612
0,390
0,126
0,861
0,818
0,34
0,989
0,158
0,250
0,532
0,844
0,34
0,676
0,852
0,30
0,387
0,197
0,642
0,631
0,38
0,763
0,487
1,122
0,775
0,255
0,227
0,563
0,345
0,719
0,293
0,751
0,868
0,687
0,171
0,410
0,323
0,857
0,51
0,133
0,308
0,660
0,861
0,328
0,181
1,701
0,955
0,38
0,564
0,807
0,616
0,341
0,620
0,21
0,712
0,145
0,822
0,489
0,968
0,982
0,106
0,323
0,42
0,719
0,930
0,947
0,82
0,500
0,843
0,31
0,61
0,464
0,228
0,862
0,541
0,114
0,800
0,681
0,268
0,227
0,263
0,478
0,656
0,145
0,575
0,272
0,28
0,658
0,488
0,781
0,282
0,105
0,447
0,713
0,575
0,489
0,498
0,195
0,733
0,483
0,743
0,186
0,327
0,794
0,339
0,324
0,21
0,607
0,363
0,295
0,72
0,144
0,814
0,259
0,165
0,565
0,570
0,502
0,137
0,495
0,106
0,264
0,981
0,377
1,701
0,273
0,324
0,162
0,612
0,192
0,158
0,723
0,301
0,191
0,928
0,165
0,834
0,850
0,962
0,607
0,185
0,719
0,311
0,276
0,508
0,476
0,574
0,582
0,747
0,80
0,760
0,936
0,970
0,936
0,540
0,10
0,15
0,946
0,744
0,647
0,161
0,456
0,655
0,753
0,555
0,361
0,698
0,831
0,775
0,991
0,749
0,613
0,852
0,893
0,546
0,819
0,325
0,36
0,278
0,467
0,708
0,10
0,199
0,110
0,20
0,372
0,779
0,496
0,70
0,455
0,907
0,648
0,792
0,246
0,32
0,536
0,585
0,671
0,699
0,514
0,538
0,496
0,336
0,734
1,105
0,763
0,396
0,822
0,65
0,202
0,429
0,861
0,531
0,196
0,350
0,606
0,771
0,94
0,902
0,798
0,874
0,146
0,334
0,299
0,807
0,637
0,123
0,878
0,346
0,642
0,765
0,783
0,621
0,765
0,41
0,593
0,235
0,911
0,203
0,773
0,332
0,516
0,367
0,574
0,912
0,855
0,314
0,682
0,716
0,457
0,719
0,883
0,906
0,92
0,955
0,784
0,581
0,27
0,885
0,732
0,122
1,409
0,531
0,508
0,114
0,182
0,12
0,149
0,87
0,108
0,239
0,836
0,784
0,905
0,586
0,527
0,856
0,383
0,14
0,57
0,262
0,246
0,628
0,425
0,855
0,265
0,622
0,123
0,689
0,277
0,255
0,352
0,840
0,596
0,231
0,961
0,18
0,412
0,590
0,377
0,682
0,510
0,418
0,681
0,595
0,101
0,304
0,146
0,275
0,991
0,406
0,796
0,159
0,971
0,89
0,766
0,769
0,455
0,174
0,400
0,281
0,744
0,920
0,246
0,1000
0,857
0,241
0,819
0,166
0,855
0,935
0,737
0,826
0,826
0,314
0,942
0,702
0,151
0,403
0,462
0,225
0,866
0,302
0,271
0,944
0,465
0,596
0,935
0,741
0,23
0,364
0,839
0,346
0,823
0,426
0,804
0,147
0,638
0,613
0,900
0,701
0,666
0,529
0,781
0,856
0,95
0,682
0,539
0,139
0,771
0,57
0,934
0,275
0,618
0,569
0,512
0,610
0,276
0,505
0,298
0,670
0,13
0,462
0,753
1,48
0,703
0,408
0,862
0,335
0,376
0,23
0,393
0,908
0,611
0,647
0,827
0,277
0,498
0,292
0,512
0,685
0,898
0,190
0,532
0,807
0,823
0,948
0,663
0,703
0,165
0,370
0,501
0,52
0,728
0,896
0,951
0,350
0,92
0,847
0,291
0,220
0,621
0,664
0,599
0,617
0,102
0,501
0,413
0,774
0,564
0,515
0,518
0,374
0,445
0,297
0,779
0,392
0,808
0,157
0,243
0,624
0,770
0,963
0,189
0,152
0,34
0,153
0,991
0,391
0,664
0,666
0,271
1,575
0,126
0,392
0,856
0,280
0,811
0,368
0,149
0,853
0,915
0,951
0,372
0,420
0,939
0,148
0,500
0,165
0,795
0,366
0,520
0,770
0,255
0,677
0,842
0,574
0,614
0,897
0,71
0,373
0,131
0,452
0,314
0,471
0,383
0,642
0,655
0,901
0,986
0,988
0,490
0,837
0,498
0,354
0,169
0,540
0,513
0,234
0,779
0,477
0,345
0,787
0,18
0,25
0,387
0,789
0,880
0,501
0,168
0,268
0,823
0,346
0,688
0,556
0,357
0,732
0,557
0,321
0,197
0,105
0,345
0,910
0,525
0,89
0,122
0,498
0,205
0,588
0,740
0,85
0,451
0,434
0,856
0,498
0,875
0,357
0,251
0,635
0,666
0,269
0,800
0,642
0,561
0,21
0,670
0,253
0,938
0,221
0,36
0,874
0,69
0,676
0,942
0,78
0,726
0,356
0,956
0,685
0,553
0,81
0,68
0,868
1,606
1,351
0,371
0,918
0,382
0,555
0,424
0,151
0,942
0,288
0,104
0,492
0,602
0,914
0,680
0,761
1,132
0,349
1,311
0,127
0,184
0,889
0,530
0,625
0,41
0,290
0,996
0,392
0,175
0,151
0,605
0,464
0,623
0,18
0,61
0,496
0,365
0,458
0,790
0,307
0,960
0,370
0,911
0,946
0,839
0,214
0,352
0,159
0,760
0,269
0,398
0,424
0,821
0,567
0,687
0,28
0,640
0,687
0,737
0,905
0,471
0,965
0,156
0,891
0,150
0,18
0,943
0,400
0,75
0,626
0,85
0,295
0,129
0,707
0,418
0,836
0,424
0,420
0,645
0,937
0,119
0,176
0,19
0,949
0,604
0,285
0,888
0,71
0,95
0,634
0,258
0,411
0,636
0,680
0,417
0,946
0,112
0,441
0,358
0,781
0,389
0,577
0,332
0,609
0,638
0,239
0,569
0,84
0,374
0,291
0,979
0,464
0,914
0,456
0,285
0,66
0,34
0,617
0,393
0,740
0,986
0,716
0,756
0,634
0,608
0,12
0,815
0,979
0,807
0,639
0,299
0,516
0,946
0,344
0,376
0,9
0,709
0,184
0,717
0,612
0,637
0,251
0,410
0,104
0,100
0,828
0,983
0,496
0,381
0,276
0,111
0,277
0,374
0,416
0,812
0,949
0,379
0,729
0,21
0,52
0,936
0,783
0,366
0,474
0,555
0,986
0,615
0,740
0,760
0,664
0,407
0,325
0,245
0,52
0,651
0,12
0,908
0,801
0,983
0,1000
0,472
0,670
0,870
0,783
0,353
1,965
0,690
0,317
0,56
0,541
0,380
0,116
0,948
0,826
0,390
0,211
0,883
0,937
0,494
0,362
0,585
0,467
0,101
0,249
0,30
0,793
0,947
0,481
0,403
0,236
0,31
0,333
0,434
0,947
0,402
0,667
0,454
0,235
0,725
0,249
0,350
0,137
0,34
0,713
0,862
0,627
0,181
0,735
0,214
0,476
0,60
0,679
0,907
0,314
0,571
0,661
0,517
0,838
0,776
0,607
0,49
0,467
0,885
0,119
0,705
0,673
0,537
0,49
0,20
0,114
0,157
0,219
0,162
0,289
0,693
1,173
0,546
0,856
0,535
0,450
0,85
0,33
0,584
0,802
0,303
0,657
0,695
0,376
0,768
0,651
0,401
0,557
0,54
0,132
0,45
0,821
0,929
0,114
0,41
0,552
0,903
0,604
0,786
0,185
0,108
0,520
0,530
0,571
0,376
0,41
0,131
0,982
0,723
0,514
1,868
0,13
0,500
0,745
0,123
0,904
0,253
0,322
0,174
1,124
0,439
0,853
0,795
0,703
0,627
0,871
0,786
0,423
0,800
0,151
0,888
0,401
0,617
0,403
0,750
0,65
0,322
0,639
0,476
0,762
0,15
0,994
0,941
0,714
0,491
0,113
0,777
0,943
0,90
0,849
0,799
0,162
0,250
0,349
0,320
0,526
0,733
0,366
0,132
0,822
0,703
0,547
0,222
0,705
0,32
0,656
0,434
0,304
0,920
0,655
0,813
0,890
0,951
0,952
0,408
0,157
0,415
0,543
0,104
0,415
0,721
0,268
0,405
0,39
0,882
0,407
0,862
0,95
0,330
0,558
0,200
0,870
0,185
0,951
0,258
0,10
0,316
0,719
0,453
0,506
0,758
0,133
0,671
0,454
0,874
0,677
0,468
0,399
0,240
0,116
0,480
0,940
0,109
0,559
0,976
0,664
0,871
0,164
0,448
0,638
0,756
0,935
0,804
0,693
0,118
0,902
0,227
0,583
0,812
0,468
0,735
0,69
1,651
0,132
0,740
0,443
0,378
0,315
0,519
0,197
0,517
0,595
0,635
0,555
0,122
0,297
0,541
0,41
0,770
0,16
0,795
0,840
0,260
0,304
0,797
0,995
0,124
0,974
0,554
0,250
0,925
0,377
0,534
0,73
0,602
0,463
0,514
0,913
0,777
0,826
0,57
0,274
0,935
0,586
0,386
0,841
0,640
0,186
0,535
0,242
0,970
0,880
0,982
0,605
0,963
0,123
0,448
0,508
0,503
0,576
0,606
0,857
0,857
0,594
0,48
0,35
0,894
0,538
0,819
0,343
1,818
0,700
0,503
0,960
0,481
0,987
0,106
0,813
0,727
0,139
0,222
0,936
0,441
0,834
0,607
0,591
0,671
0,117
0,740
0,575
0,195
0,813
0,848
0,430
0,878
0,285
0,496
0,648
0,207
0,698
0,905
0,266
0,644
0,985
0,916
0,209
0,806
0,372
0,564
0,129
0,514
0,898
0,733
0,522
0,486
0,942
0,771
0,247
0,319
0,889
0,169
0,579
0,230
0,903
0,422
0,21
0,454
0,238
0,946
0,996
0,60
1,626
0,853
0,689
0,706
0,987
0,198
0,791
0,889
0,672
0,140
0,876
0,315
0,24
0,690
0,113
0,312
0,194
0,30
0,133
0,379
0,452
0,262
0,50
0,486
0,154
0,811
0,167
0,663
0,923
0,532
0,523
0,900
0,861
0,63
0,907
0,292
0,76
0,156
0,618
0,589
0,347
0,890
0,113
0,457
0,20
0,144
0,328
0,985
0,363
0,536
0,962
0,7
0,199
0,462
0,262
0,615
0,442
0,203
0,424
0,764
0,753
0,282
0,465
0,27
0,349
0,700
0,752
0,358
0,145
0,925
0,441
0,599
0,861
0,912
0,515
0,957
0,780
0,778
0,166
0,256
0,422
0,583
0,621
0,796
0,185
0,465
0,177
0,296
0,175
0,453
0,436
0,658
0,528
0,130
1,823
0,71
0,189
0,808
0,802
0,613
0,220
0,753
0,971
0,497
0,537
0,490
0,298
0,298
0,155
0,108
0,336
0,678
0,178
0,808
0,658
0,367
0,169
0,621
0,146
0,293
0,575
0,562
0,405
0,637
0,990
0,268
0,665
0,803
0,43
0,154
0,574
0,163
0,704
0,445
0,104
0,768
0,527
0,263
0,265
0,124
0,577
0,793
0,838
0,552
0,797
0,493
0,732
0,403
0,25
0,117
0,741
0,560
0,123
0,276
0,735
0,608
0,216
0,546
0,93
0,618
0,197
0,730
0,703
0,445
0,299
0,625
0,137
0,176
0,423
0,73
0,376
0,579
0,827
0,751
0,924
0,106
0,715
0,943
0,340
0,951
0,613
0,629
0,330
0,293
0,18
0,614
0,637
0,95
0,76
0,532
0,854
0,56
0,11
0,972
0,345
0,447
0,222
0,999
0,662
0,413
0,330
0,581
0,82
1,299
0,930
0,101
0,878
0,590
0,423
0,232
0,989
0,812
0,601
0,376
0,988
0,502
0,65
0,462
0,837
0,320
0,203
0,362
0,910
0,778
0,358
0,443
0,493
0,432
0,937
0,705
1,268
0,990
0,962
0,91
0,84
0,202
0,96
0,523
0,117
0,422
0,848
0,707
0,75
0,697
0,561
0,191
0,844
0,691
0,671
0,781
0,288
0,334
0,200
0,119
0,701
0,760
0,980
0,907
0,58
0,114
0,33
0,698
0,916
1,575
0,934
0,585
0,42
0,983
0,928
0,345
0,583
0,619
0,305
0,573
0,187
0,920
0,978
0,998
0,842
0,389
0,112
0,248
0,307
0,989
0,644
0,374
0,932
0,174
0,495
0,566
0,555
0,202
0,70
0,767
0,258
0,984
0,560
0,392
0,583
0,955
0,560
0,102
0,984
0,236
0,400
0,542
0,796
0,95
0,391
0,814
0,903
0,995
0,378
0,661
0,684
0,334
0,594
0,768
0,190
0,358
0,156
0,53
0,231
0,839
0,270
0,17
0,843
0,24
0,650
1,221
0,309
0,248
0,571
0,609
0,121
0,438
0,903
0,195
0,842
0,329
0,157
0,474
0,672
0,821
0,610
0,799
0,826
0,572
0,174
0,296
0,940
0,621
0,74
0,585
0,494
0,1
0,712
1,613
0,640
0,880
0,337
0,459
0,179
0,756
0,309
0,266
0,581
0,99
0,228
0,742
0,587
0,626
0,179
0,139
0,809
0,970
0,367
0,401
0,638
0,431
0,672
0,321
0,966
0,731
0,722
0,778
1,463
0,978
0,264
0,459
0,898
0,365
0,69
0,167
0,755
0,168
0,598
0,668
0,911
0,222
0,597
0,429
0,331
0,625
0,132
0,568
0,775
0,932
0,968
0,425
0,617
0,254
0,176
0,710
0,570
0,70
0,808
0,422
0,213
0,579
0,777
0,37
0,245
0,309
0,500
0,848
0,558
0,911
0,774
0,24
0,659
0,116
0,69
0,419
0,29
0,886
0,296
0,620
0,913
0,654
0,36
0,873
0,243
0,562
0,685
0,372
0,680
0,431
0,888
0,191
0,354
0,493
0,233
0,372
0,923
0,13
0,416
0,662
0,400
0,361
0,919
0,308
0,720
0,176
0,683
0,428
0,424
0,290
0,547
0,233
0,157
0,829
0,345
0,657
0,691
0,21
0,749
0,821
0,271
0,980
0,618
0,326
0,758
0,47
0,308
0,90
0,800
0,183
0,483
0,390
0,467
0,648
0,594
0,167
0,207
0,151
0,587
0,368
0,591
0,457
0,789
0,593
0,665
0,753
0,267
0,401
0,571
0,470
0,763
0,192
0,291
0,606
0,456
0,253
0,683
0,586
0,654
0,801
0,303
0,651
0,443
0,319
0,890
0,836
0,38
0,21
0,200
0,503
0,19
0,383
0,169
0,856
0,991
0,413
0,132
0,637
0,320
0,431
0,36
0,151
0,36
0,162
0,230
0,109
0,433
0,345
0,145
0,100
0,747
0,23
0,253
0,78
0,995
0,185
0,310
0,629
0,80
0,301
0,19
0,973
0,584
0,753
0,82
0,570
1,848
0,957
0,103
0,604
0,784
0,431
0,593
0,194
0,987
0,525
0,405
0,149
0,159
0,602
0,519
0,172
0,998
0,846
0,680
0,772
0,478
0,189
0,695
0,65
0,401
0,79
0,531
0,256
0,964
0,466
0,577
0,121
0,782
0,908
0,454
0,441
0,402
0,570
0,963
0,560
0,322
0,112
0,947
0,967
0,68
0,388
0,678
0,224
0,126
0,282
0,464
0,585
0,157
0,462
0,344
0,610
0,47
0,597
0,416
0,237
0,320
0,87
0,786
0,91
0,907
0,862
0,760
0,273
0,567
0,151
0,180
0,345
0,970
0,826
0,791
0,856
0,417
0,394
0,646
0,187
0,832
0,201
0,226
0,277
0,725
0,179
0,599
0,139
0,821
0,332
0,964
0,222
0,868
0,339
0,425
0,412
0,472
0,853
0,149
0,905
0,106
0,194
0,454
0,18
0,519
0,534
0,645
0,371
0,659
0,278
0,377
0,435
0,510
0,137
0,909
0,631
0,393
0,96
0,701
0,444
0,607
0,461
0,141
0,108
0,265
0,623
0,599
0,143
0,302
0,23
0,151
0,941
0,506
0,887
0,70
0,827
0,810
0,973
0,676
0,549
0,371
0,275
0,244
0,633
0,182
0,601
0,502
0,77
0,667
0,86
0,171
0,156
0,661
0,51
0,773
0,336
0,647
0,791
0,758
0,509
0,803
0,725
0,419
0,106
0,231
0,60
0,359
0,202
0,808
0,978
0,278
0,383
0,137
0,269
0,306
0,167
0,196
0,579
0,918
0,117
0,508
0,210
0,612
0,633
0,306
0,411
0,899
0,413
0,760
0,753
0,684
0,326
0,830
0,366
0,58
0,550
0,153
0,679
0,652
0,7
0,858
0,922
0,535
0,841
0,123
0,325
0,49
0,13
0,34
0,965
0,216
0,17
0,645
0,725
0,977
0,560
0,58
0,320
0,16
0,859
0,778
0,939
0,802
0,457
0,493
0,900
0,241
0,497
0,284
0,800
0,526
0,146
0,580
0,247
0,271
0,208
0,731
0,144
0,879
0,171
0,127
0,997
0,871
0,351
0,67
0,458
0,369
0,74
0,844
0,510
0,592
0,367
0,162
0,484
0,51
0,939
0,646
0,386
0,40
0,473
0,872
0,461
0,665
0,653
0,428
0,884
0,288
0,656
0,918
0,727
0,575
0,132
0,600
0,674
0,179
0,842
1,271
0,69
0,733
0,81
0,260
0,640
0,333
0,382
0,16
0,291
0,297
0,953
0,459
0,569
0,545
0,601
0,832
0,841
0,509
0,641
0,904
0,305
0,462
0,118
0,726
0,163
0,279
0,453
1,597
0,823
0,371
1,277
0,13
0,140
0,149
0,438
0,524
0,411
0,269
0,213
0,871
0,945
0,499
0,757
0,838
0,197
0,94
0,604
0,740
0,771
0,684
0,909
0,325
0,979
0,693
0,25
0,32
0,227
0,902
0,207
0,25
0,984
0,326
0,351
0,319
0,122
0,19
0,659
0,490
0,871
0,486
0,312
0,903
0,458
0,292
0,116
0,890
0,667
0,882
0,784
1,824
0,898
0,968
0,141
0,980
0,654
0,959
0,931
0,479
0,707
0,432
0,569
0,679
0,555
0,84
0,30
0,981
0,318
0,25
0,952
0,657
0,268
0,314
0,792
0,775
0,533
0,162
0,814
0,325
0,376
0,46
0,305
0,588
0,153
0,828
0,210
0,702
0,434
0,927
0,530
0,420
0,511
0,320
0,233
0,56
0,145
0,473
0,921
0,564
0,864
0,836
0,654
0,568
0,585
0,728
0,591
0,518
0,979
0,709
0,781
0,558
0,498
0,153
0,223
0,322
0,694
0,870
0,399
0,277
0,744
0,558
0,409
0,955
0,731
0,806
0,958
0,198
0,666
0,664
0,365
0,603
0,197
0,914
0,247
0,984
0,871
0,675
0,802
0,700
0,877
0,713
0,352
0,629
0,32
0,967
0,926
0,107
0,301
0,690
0,2
0,104
0,551
0,415
0,811
0,394
0,963
0,816
0,67
0,42
0,240
0,512
0,977
0,976
0,528
0,668
0,381
0,378
0,809
0,335
0,64
0,572
0,806
0,313
0,949
0,184
0,492
0,412
0,850
0,422
0,381
0,920
0,479
0,728
0,871
0,489
0,98
0,551
0,1
0,555
0,628
0,703
0,475
0,209
0,831
0,203
0,821
0,964
0,934
0,474
0,107
0,440
0,349
0,91
0,188
0,257
0,262
0,447
0,16
0,629
0,372
0,701
0,324
0,959
0,38
0,357
0,886
0,84
0,487
0,575
0,578
0,621
0,67
0,875
0,366
0,600
0,361
0,624
0,739
0,163
0,971
0,517
0,165
0,368
0,648
0,699
0,482
0,634
0,610
0,703
0,403
0,896
0,400
0,332
0,92
0,124
0,503
0,635
0,197
0,45
0,803
0,677
0,332
0,108
0,355
0,993
0,920
0,274
0,549
0,604
0,462
0,696
0,261
0,29
0,720
0,95
0,804
0,167
0,375
0,969
0,540
0,876
0,10
0,345
0,858
0,121
0,838
0,524
0,856
0,819
0,375
0,602
0,3
0,355
0,623
0,839
0,467
0,911
0,932
0,394
0,446
0,523
0,908
0,71
0,3
0,637
0,701
0,609
0,307
0,970
0,709
0,471
0,957
0,154
0,174
0,606
0,195
0,796
0,236
0,707
0,240
0,224
0,920
0,848
0,119
0,328
0,880
0,544
0,258
0,909
0,791
0,55
0,789
0,285
0,431
0,243
0,562
0,630
0,192
0,792
0,224
0,995
0,74
0,873
0,206
0,121
0,762
0,139
0,576
0,550
0,538
0,201
0,948
0,901
0,676
0,349
0,959
0,966
0,421
0,374
0,714
0,641
0,677
0,715
0,887
0,878
0,319
0,331
0,939
0,51
0,118
0,922
0,555
0,669
0,193
0,34
0,357
0,324
0,103
0,484
0,95
0,43
0,834
0,975
0,718
0,312
0,980
0,775
0,611
0,748
0,784
0,769
0,965
0,544
0,681
0,873
0,955
0,488
0,314
0,791
0,769
0,548
0,764
0,588
0,979
0,376
0,814
0,151
0,654
0,260
0,734
0,71
0,553
0,505
0,194
0,216
0,363
0,664
0,321
0,663
0,605
0,106
0,531
0,479
0,964
0,913
0,815
0,825
0,601
0,772
0,447
0,123
0,540
0,693
0,263
0,861
0,409
0,300
0,577
0,875
0,379
0,843
0,464
0,567
0,207
0,574
0,600
0,140
0,320
0,642
0,817
0,347
0,833
0,15
0,709
0,581
0,619
0,482
0,792
0,833
0,181
0,74
0,589
0,443
0,465
0,633
0,891
0,850
0,294
0,871
0,949
0,105
0,525
0,135
0,964
0,18
0,795
0,621
0,315
0,832
0,249
0,955
0,70
0,947
0,613
0,119
0,941
0,639
0,44
0,215
0,324
0,645
0,399
0,87
0,85
0,172
0,245
0,237
0,581
0,910
0,200
0,115
0,973
0,32
0,654
0,173
0,906
0,253
0,301
0,641
0,956
0,809
0,540
0,629
0,862
0,42
0,508
0,718
0,518
0,916
0,320
0,942
0,43
0,78
0,134
0,928
0,318
0,431
0,531
0,609
0,361
0,998
0,936
0,655
0,516
0,453
0,290
0,302
0,886
0,109
0,314
0,631
0,746
0,571
0,857
0,520
0,34
0,341
0,934
0,331
0,368
0,76
0,737
0,955
0,172
0,122
0,463
0,962
0,146
1,437
0,470
0,262
0,848
0,923
0,213
0,488
0,444
1,799
0,235
0,919
0,56
0,855
0,417
0,649
0,863
0,422
0,967
0,112
0,843
0,903
0,508
0,839
0,844
0,222
0,304
0,260
0,621
0,990
0,462
0,228
0,45
0,309
0,649
0,223
0,144
0,961
0,786
0,442
0,41
0,904
0,670
0,760
0,384
0,725
0,337
0,690
0,799
0,483
0,843
0,48
0,50
0,777
0,534
0,827
0,937
0,262
0,280
0,872
0,103
0,658
0,792
0,231
0,425
0,822
0,823
0,404
0,797
0,748
0,707
0,128
0,942
0,247
0,785
0,673
0,394
0,965
0,667
0,864
0,269
0,64
0,540
0,511
0,324
0,231
0,634
0,260
0,892
0,354
0,664
0,541
0,78
0,910
0,414
0,406
0,296
0,938
0,953
0,516
0,160
0,996
0,850
0,814
0,870
0,890
0,821
0,673
0,905
0,402
0,690
0,284
0,897
0,552
0,692
0,770
0,742
0,975
0,100
0,216
0,675
0,959
0,640
0,291
0,854
0,963
0,890
0,37
0,196
0,992
0,545
0,950
0,868
0,218
0,286
0,100
0,478
0,798
0,412
0,830
0,645
0,474
0,680
0,680
0,725
0,351
0,820
0,111
0,623
0,890
0,537
0,868
0,823
0,430
0,314
0,128
0,29
0,622
0,792
0,643
0,731
0,653
0,805
0,485
0,743
0,438
0,599
0,641
0,913
0,831
0,572
0,756
0,305
0,849
0,653
0,850
0,383
0,171
0,323
0,175
0,662
0,809
0,607
0,679
0,444
0,431
0,512
0,89
0,877
0,930
0,254
0,20
0,596
0,230
0,559
0,438
0,841
0,119
0,281
0,570
0,229
1,991
0,740
0,630
0,12
0,152
0,434
0,570
0,999
0,831
0,399
0,280
0,641
0,170
0,517
0,468
0,464
0,636
0,41
0,815
0,267
0,202
0,501
0,193
0,604
0,278
0,697
0,20
0,151
0,816
0,407
0,506
0,557
0,755
0,780
0,901
0,700
0,140
0,830
0,755
0,117
0,872
0,145
0,446
0,94
0,172
0,196
0,772
0,665
0,531
0,395
0,724
0,473
0,38
0,306
0,651
0,103
0,184
0,394
0,939
0,689
0,362
0,298
0,777
0,754
0,997
0,425
0,921
0,193
0,710
0,449
0,144
0,935
0,487
0,32
0,587
0,133
0,602
0,775
0,555
0,688
0,82
0,146
0,325
0,856
0,407
0,46
0,151
0,546
0,476
0,956
0,700
0,639
0,107
0,86
0,179
0,691
0,831
0,713
0,418
0,744
0,740
0,525
1,892
0,323
0,806
0,237
0,837
0,222
0,996
0,108
0,662
0,627
0,760
0,374
0,466
0,459
0,864
0,295
0,716
0,97
0,48
0,398
0,853
0,253
0,309
0,781
0,284
0,968
0,50
0,332
0,74
0,840
0,732
0,323
0,410
0,345
0,468
0,754
0,739
0,41
0,450
0,918
0,370
0,900
0,253
0,99
0,51
0,597
0,187
0,903
0,455
0,31
0,845
0,465
0,222
0,62
0,23
0,605
0,756
0,551
0,908
0,443
0,740
0,49
0,186
0,754
0,585
0,613
0,596
0,770
0,114
0,199
0,489
0,856
0,917
0,297
0,286
0,765
0,363
0,151
0,845
0,183
0,209
0,261
0,554
0,98
0,344
0,834
0,723
0,595
0,766
0,770
0,257
0,135
0,293
0,140
0,349
0,113
0,469
0,596
0,447
0,645
0,97
0,984
0,486
0,142
0,480
0,644
0,826
0,683
0,333
0,92
0,529
0,365
0,923
0,326
0,838
0,80
0,542
0,312
0,71
0,524
0,331
0,883
0,134
0,524
0,240
0,580
0,238
0,508
0,264
0,515
0,1
0,799
0,367
0,640
0,428
0,194
0,676
0,847
0,53
0,460
0,278
0,151
0,869
0,325
0,345
0,279
0,409
0,220
0,648
0,55
0,281
0,340
0,501
0,576
0,76
0,812
0,735
0,678
0,861
0,431
0,530
1,498
0,556
0,966
0,561
0,186
0,446
0,929
0,945
0,766
0,644
0,242
0,982
0,211
0,189
0,716
0,826
0,744
0,508
0,617
0,552
0,2
0,894
0,682
0,756
0,12
0,960
0,382
0,252
0,520
0,564
0,93
0,181
0,732
0,999
0,865
0,988
0,429
0,797
0,700
0,704
0,870
0,20
0,493
0,55
0,212
0,400
0,754
0,23
0,171
0,743
0,795
0,69
0,195
0,63
0,485
0,283
0,858
0,648
0,504
0,481
0,475
0,290
1,257
0,713
0,854
0,826
0,862
0,939
0,228
0,605
0,564
0,223
0,331
0,327
0,152
0,147
0,397
0,132
0,295
0,187
0,389
0,511
0,330
0,573
0,328
0,621
0,921
0,859
0,784
0,581
0,829
0,977
0,432
0,737
0,430
0,698
0,514
0,250
0,477
0,4
0,76
0,297
0,435
0,998
0,649
0,888
0,383
0,178
0,64
0,772
0,577
0,611
0,894
0,753
0,606
0,517
0,950
0,468
0,290
0,914
0,179
0,661
0,811
0,818
0,933
0,85
0,537
0,820
0,318
0,354
0,884
0,1
1,41
0,321
0,810
1,790
0,321
0,251
0,566
0,158
0,613
0,539
0,489
0,30
0,23
0,358
0,728
0,859
0,545
0,152
0,126
0,360
0,340
0,378
0,906
0,192
0,575
0,899
0,662
0,535
0,439
0,102
0,928
0,779
0,399
0,41
0,571
0,13
0,14
0,946
0,418
0,44
0,236
0,177
0,1000
0,155
0,724
0,388
0,821
0,395
0,88
0,285
0,770
0,345
0,152
0,12
0,956
0,504
0,796
0,44
0,222
0,736
0,737
0,719
0,741
0,502
1,769
0,658
0,471
0,613
0,881
0,849
0,699
0,955
0,530
0,440
0,593
0,75
0,788
0,4
0,599
0,535
0,269
0,825
0,280
0,860
0,105
0,766
0,497
0,468
0,522
0,270
0,752
0,62
0,549
0,333
0,857
0,234
0,71
0,525
0,439
0,929
0,834
0,605
0,677
0,427
0,56
0,579
0,775
0,342
0,410
0,826
0,725
0,301
0,851
0,483
0,857
0,619
0,77
0,460
0,110
0,399
0,69
0,171
0,587
0,112
0,267
0,433
0,528
0,359
0,702
0,195
0,538
0,932
0,704
0,667
0,887
0,356
0,902
0,848
0,595
0,601
0,988
0,484
0,165
0,878
0,511
0,798
0,256
0,345
0,13
0,725
0,667
0,867
0,440
0,584
0,527
0,562
0,105
0,760
0,222
0,355
0,755
0,81
0,794
0,114
0,118
0,493
0,740
0,95
0,667
0,29
0,184
0,228
0,335
0,199
0,296
0,945
0,974
0,673
0,12
0,757
0,70
0,206
0,643
0,525
0,421
0,512
0,159
0,584
0,530
0,859
0,91
0,2
0,397
0,785
0,174
0,492
0,676
0,635
0,706
0,421
0,880
0,785
0,979
0,674
0,220
0,303
0,931
0,754
0,223
0,188
0,634
0,160
0,730
0,454
0,233
0,533
0,609
0,368
0,493
0,586
0,778
0,427
0,659
0,680
0,964
0,878
0,257
0,977
0,137
0,827
0,146
0,307
0,606
0,371
0,872
0,763
0,960
0,692
0,907
0,518
0,639
0,747
0,188
0,734
0,299
0,721
0,114
0,685
0,476
0,908
0,35
0,786
0,502
0,469
0,51
0,220
0,571
0,814
0,144
0,443
0,729
0,708
0,967
0,875
0,813
0,969
0,33
0,498
0,419
0,170
0,206
0,909
0,918
0,626
0,408
0,556
0,792
0,837
0,827
0,610
0,413
0,374
0,257
0,427
0,695
1,941
0,562
0,285
0,751
0,393
0,969
0,168
0,823
0,633
0,935
0,737
0,326
0,78
0,402
0,427
0,347
0,564
0,231
0,913
0,737
0,572
0,482
0,70
0,960
0,884
0,657
0,890
0,312
0,307
0,238
0,702
0,443
0,848
0,810
0,2
0,893
0,458
0,922
0,23
0,85
0,826
0,226
0,717
0,873
0,727
0,495
0,251
0,930
0,355
0,812
0,470
0,222
0,803
0,635
0,375
0,388
0,89
0,760
0,139
0,538
0,567
0,306
0,603
0,453
0,660
0,654
0,16
0,404
0,320
0,930
0,71
0,659
0,342
0,559
0,209
0,303
0,555
0,763
0,520
0,582
0,176
0,302
0,16
0,697
0,433
0,40
0,592
0,527
0,542
0,620
0,985
0,681
0,805
0,728
0,790
0,478
0,918
0,290
0,4
0,608
0,258
0,302
0,888
0,915
0,729
0,159
0,172
0,945
0,912
0,434
0,711
0,633
0,471
0,468
0,265
0,929
0,101
0,764
0,701
0,167
0,905
0,260
0,670
0,657
0,754
0,4
0,613
0,152
0,17
0,59
0,439
0,34
0,905
0,581
0,380
0,987
0,667
0,574
0,775
0,974
0,884
0,736
0,155
0,31
0,104
0,98
0,367
0,226
0,364
0,886
0,440
0,173
0,255
0,557
0,864
0,925
0,643
0,385
0,502
0,978
0,427
0,407
0,321
0,435
0,235
0,817
0,821
0,363
0,259
0,666
0,135
0,126
0,807
0,272
0,883
0,59
0,714
0,783
0,986
0,849
0,181
0,978
0,444
0,939
0,395
0,751
0,184
0,672
0,377
0,36
0,114
0,759
0,614
0,37
0,114
0,345
0,95
0,461
0,827
0,758
0,316
0,727
0,396
0,846
0,644
0,850
0,510
0,517
0,193
0,631
0,206
0,143
0,653
0,891
0,927
0,458
0,995
0,16
0,276
1,862
0,274
0,885
0,72
0,490
0,508
0,280
0,515
0,22
0,987
0,512
0,127
0,853
0,120
0,300
0,841
0,244
0,309
0,478
0,461
0,34
0,526
0,631
0,705
0,497
0,575
0,147
0,376
0,474
0,763
0,818
0,772
0,728
0,760
0,840
0,193
0,906
0,631
0,741
0,58
0,750
0,661
0,228
0,616
0,898
0,761
0,791
0,201
0,148
0,396
0,268
0,337
0,213
0,718
0,545
0,651
0,342
0,277
0,874
0,550
0,267
0,205
0,29
0,670
0,431
0,959
0,497
0,679
0,484
0,388
0,714
0,101
0,456
0,817
0,316
0,440
0,188
0,531
0,339
0,518
0,188
0,117
0,595
0,385
0,748
0,31
0,451
0,999
0,381
0,139
0,36
0,43
0,36
0,257
0,304
0,395
0,625
0,526
0,690
0,821
0,502
0,885
0,582
0,623
0,704
0,704
0,429
0,610
0,87
0,18
0,667
0,935
0,414
0,835
0,853
0,585
0,893
0,203
0,296
0,614
0,594
0,786
0,91
0,559
0,80
0,608
0,455
0,713
0,864
0,330
0,305
0,53
0,657
0,853
0,929
0,241
0,979
0,516
0,411
0,297
0,890
0,216
0,358
0,91
0,390
0,509
0,700
0,1
0,107
0,477
0,224
1,498
0,838
0,771
0,745
0,507
0,660
0,434
0,124
0,802
0,952
0,297
0,425
0,220
0,502
0,297
0,281
0,276
0,295
0,600
0,662
0,356
0,869
0,528
0,697
0,570
0,813
0,593
0,799
0,206
0,477
0,747
0,873
0,200
0,867
0,807
0,252
0,432
0,642
0,141
0,683
0,61
0,214
0,274
0,881
0,345
0,655
0,426
0,362
0,496
0,710
0,467
0,905
0,191
0,227
0,583
0,881
0,32
0,572
0,994
0,942
0,779
0,208
0,829
0,75
0,927
0,531
0,231
0,476
0,406
0,598
0,990
0,496
0,117
0,188
0,947
0,624
0,473
0,501
0,967
0,845
0,565
0,559
0,673
0,536
0,150
0,737
0,258
0,264
0,505
0,803
0,415
0,222
0,133
0,661
0,624
0,925
0,16
0,68
0,465
0,939
0,985
0,611
0,406
0,807
0,994
0,8
0,171
0,24
0,664
0,79
0,301
0,310
0,375
0,516
0,556
0,436
0,757
0,766
0,251
0,569
0,230
0,982
0,937
0,456
0,494
0,296
0,834
0,455
0,553
0,814
0,57
0,767
0,369
0,945
0,468
0,728
0,18
0,3
0,516
0,775
0,197
0,432
0,25
0,545
0,215
0,364
0,829
0,26
0,851
0,16
0,253
0,736
0,708
0,528
0,883
0,568
0,242
0,702
0,747
0,360
0,400
0,912
0,656
0,570
0,298
0,474
0,988
0,655
0,414
0,396
0,923
0,872
0,147
0,920
0,770
0,219
0,693
0,933
0,688
0,508
0,207
0,992
0,307
0,947
0,491
0,148
0,148
0,935
0,223
0,333
0,959
0,420
0,397
0,303
0,329
0,838
0,305
0,336
0,820
0,198
0,23
0,650
0,208
1,995
0,797
0,371
0,661
0,480
0,469
0,661
0,460
0,153
0,219
0,701
0,393
0,311
0,571
0,739
0,378
0,415
0,427
0,685
0,807
0,715
0,400
0,813
0,302
0,670
0,761
0,606
0,491
0,869
0,885
0,297
0,749
0,878
0,588
0,60
0,695
0,851
0,577
0,600
0,724
0,313
0,542
0,74
0,193
0,113
0,418
0,869
0,188
0,968
0,297
0,665
0,329
0,542
0,307
0,720
0,176
0,543
0,826
0,318
0,437
0,265
0,466
0,953
0,251
0,447
0,719
0,27
0,712
0,271
0,59
0,834
0,809
0,522
0,519
0,144
0,399
0,220
0,658
0,181
0,289
0,507
0,716
0,599
0,657
0,904
0,551
0,575
0,927
0,572
0,466
0,207
0,187
0,257
0,969
0,588
0,232
0,398
0,776
0,394
0,152
0,975
0,148
0,331
0,630
0,405
0,776
0,36
0,11
0,535
0,812
0,476
0,634
0,766
0,215
0,646
0,989
0,424
1,362
0,77
0,622
0,54
0,77
0,842
0,806
0,162
0,199
0,361
0,906
0,628
0,25
1,763
1,765
0,101
0,524
0,523
0,135
0,269
0,792
0,353
0,360
0,257
0,557
0,52
0,834
0,884
0,179
0,456
0,839
0,828
0,897
0,430
0,975
0,325
0,720
0,709
0,797
0,366
0,984
0,907
0,117
0,236
0,484
0,863
0,230
0,404
0,725
0,517
0,777
0,932
0,265
0,166
0,761
0,74
0,375
0,753
0,467
0,680
0,944
0,847
0,95
0,989
0,476
0,166
0,301
0,72
0,82
0,454
0,605
0,55
0,724
0,844
0,349
0,377
0,624
0,874
0,774
0,565
0,307
0,333
0,178
0,420
0,599
0,118
0,889
0,320
0,591
0,627
0,41
0,455
0,583
0,331
0,437
0,248
0,591
0,555
0,799
0,498
0,804
0,827
0,17
0,406
0,724
0,60
0,189
0,21
0,845
0,863
0,777
0,700
0,675
0,690
0,599
0,699
0,360
0,458
0,141
0,941
0,752
0,406
0,93
0,713
0,215
0,648
0,956
0,426
0,631
0,28
0,600
0,743
0,810
0,701
0,273
0,922
0,387
0,949
0,118
0,39
0,586
0,53
0,866
0,443
0,449
0,559
0,511
0,547
0,124
0,956
0,125
0,138
0,810
0,625
0,687
0,269
0,700
0,126
0,350
0,503
0,225
0,239
0,846
0,168
0,193
0,606
0,241
0,619
0,783
0,694
0,683
0,565
0,82
0,16
0,345
0,567
0,206
0,207
0,794
0,459
0,844
0,805
0,785
0,637
0,471
0,714
0,534
0,399
0,731
0,914
0,25
0,803
0,611
0,823
0,930
0,873
0,200
0,994
0,39
0,750
0,15
0,471
0,324
0,387
0,374
0,950
0,739
0,476
0,320
0,827
0,963
0,113
0,260
0,133
0,615
0,980
0,967
0,395
0,764
0,190
0,614
0,708
0,377
0,894
0,541
0,395
0,864
0,484
0,19
0,928
0,22
0,490
0,530
0,173
0,791
0,713
0,563
0,872
0,986
0,152
0,414
0,724
0,227
0,900
0,53
1,162
0,613
0,954
0,811
0,208
0,402
0,666
0,834
0,511
0,302
0,385
0,80
0,858
0,161
0,749
0,199
0,208
0,166
0,122
0,944
0,666
0,352
0,688
0,866
0,697
0,564
0,481
0,209
0,818
0,273
0,55
0,18
0,607
0,456
0,994
0,273
0,697
0,305
0,534
0,86
0,319
0,185
0,5
0,315
0,739
0,258
0,268
0,106
0,186
0,874
0,523
0,870
0,786
0,187
0,188
0,301
0,271
0,748
0,491
0,924
0,678
0,913
0,520
0,243
0,978
0,63
0,10
0,182
0,296
0,852
0,530
0,394
0,474
0,315
0,734
0,388
0,56
0,97
0,966
0,118
0,726
0,234
0,813
0,410
0,157
0,384
0,934
0,115
0,466
0,482
0,640
0,224
0,42
0,647
0,42
0,46
0,552
0,496
0,555
0,664
0,16
0,815
0,662
0,160
0,330
0,8
0,436
0,413
0,175
0,209
0,597
0,258
0,594
0,294
0,545
0,993
0,270
0,991
0,63
0,47
0,393
0,293
0,217
0,815
0,156
0,979
0,927
0,668
0,508
0,877
0,911
0,943
0,326
0,365
0,5
0,450
0,492
0,314
0,358
0,163
0,680
0,139
0,813
0,644
0,199
0,411
0,700
0,81
0,219
0,297
0,490
0,49
0,579
0,71
0,732
0,421
0,678
0,412
0,247
0,60
0,352
0,417
0,206
0,712
0,96
0,219
0,230
0,316
0,758
0,648
0,867
0,562
0,394
0,526
0,1
0,837
0,186
0,679
0,668
0,673
0,985
0,800
0,417
0,855
0,872
0,719
0,162
0,878
0,729
0,332
0,540
0,242
0,312
0,775
0,637
0,705
0,439
0,2
0,16
0,776
0,220
0,985
0,420
0,641
0,580
0,662
0,920
0,830
0,972
0,778
0,406
0,585
0,196
0,394
0,403
0,190
0,176
0,102
0,942
0,838
0,337
0,61
0,665
0,206
0,287
0,878
0,489
0,882
0,139
0,744
0,404
0,480
0,786
0,133
0,188
0,558
0,185
0,29
0,205
0,861
0,889
0,542
0,271
0,126
0,287
0,921
0,72
0,604
0,342
0,386
0,911
0,144
0,654
0,567
0,544
0,486
0,609
0,604
0,530
0,591
0,462
0,688
0,708
0,49
0,26
0,415
0,253
0,185
0,28
0,300
0,261
0,637
0,818
0,43
0,178
0,205
0,699
0,108
0,200
0,119
0,705
0,971
0,942
0,925
0,854
0,970
0,661
0,747
0,879
0,999
0,652
0,571
0,757
0,243
0,566
0,713
0,346
0,232
0,807
0,237
0,7
0,708
0,351
0,999
0,312
0,759
0,666
0,946
0,957
0,361
0,415
0,437
0,832
0,856
0,232
0,712
0,212
0,587
0,447
1,83
0,179
0,921
0,35
0,688
0,281
0,7
0,56
0,867
0,700
0,600
0,754
0,602
0,815
0,455
0,469
0,529
0,518
0,377
0,955
0,680
0,464
0,492
0,98
0,678
0,119
0,153
0,546
0,184
0,94
0,594
0,105
0,878
0,843
0,477
0,370
0,76
0,588
0,380
0,902
0,761
0,252
0,435
0,302
0,625
0,566
0,771
0,39
0,65
0,134
0,47
0,101
0,379
0,985
0,612
0,914
0,497
0,466
0,922
0,775
0,565
0,414
0,61
0,778
0,373
0,245
0,278
0,200
0,903
0,738
0,479
0,18
0,276
0,668
0,737
0,831
0,479
0,646
0,921
0,321
0,418
0,408
0,871
0,841
0,42
0,231
0,798
0,785
0,226
0,146
0,178
0,478
0,627
0,283
0,1
0,244
0,397
0,909
0,606
0,262
0,256
0,934
0,955
0,867
0,827
0,252
0,78
0,542
-1,1
-1,1
-1,1
-1,1
-1,1
-1,1
-1,1
-1,1
-1,1
-1,1
-1,1
-1,1
-1,1
-1,1
-1,1
-1,1
-1,1
-1,1
-1,1
-1,1
-1,1
-1,1
-1,1
-1,1
-1,1
-1,1
-1,1
-1,1
-1,1
-1,1
-1,1
-1,1
-1,1
-1,1
-1,1
-1,1
-1,1
-1,1
-1,1
-1,1
-1,1
-1,1
-1,1
-1,1
-1,1
-1,1
-1,1
-1,1
-1,1
-1,1
-1,1
-1,1
-1,1
-1,1
-1,1
-1,1
-1,1
-1,1
-1,1
-1,1
-1,1
-1,1
-1,1
-1,1
-1,1
-1,1
-1,1
-1,1
-1,1
-1,1
-1,1
-1,1
-1,1
-1,1
-1,1
-1,1
-1,1
-1,1
-1,1
-1,1
-1,1
-1,1
-1,1
-1,1
-1,1
-1,1
-1,1
-1,1
-1,1
-1,1
-1,1
-1,1
-1,1
-1,1
-1,1
-1,1
-1,1
-1,1
-1,1
-1,1
-1,1
-1,1
-1,1
